[
  {
    "Name": "Основное",
    "EnterInvoices": [],
    "HistoryInvoces": [
      {
        "Time": "19:22:41",
        "Data": "497-005016095"
      },
      {
        "Time": "19:22:36",
        "Data": "497-005002349"
      },
      {
        "Time": "19:22:28",
        "Data": "497-005016681"
      },
      {
        "Time": "19:13:09",
        "Data": "497-004963580"
      },
      {
        "Time": "19:13:05",
        "Data": "497-004940185"
      },
      {
        "Time": "19:12:57",
        "Data": "497-005016328"
      },
      {
        "Time": "19:12:51",
        "Data": "497-004959294"
      },
      {
        "Time": "19:12:47",
        "Data": "497-005003077"
      },
      {
        "Time": "19:12:43",
        "Data": "497-005016262"
      },
      {
        "Time": "19:12:39",
        "Data": "497-004989819"
      },
      {
        "Time": "19:12:35",
        "Data": "497-005016307"
      },
      {
        "Time": "19:12:31",
        "Data": "497-005016255"
      },
      {
        "Time": "19:12:24",
        "Data": "497-005016276"
      },
      {
        "Time": "19:11:54",
        "Data": "497-005016276"
      }
    ],
    "Consolidations": [],
    "GMTNumber": null,
    "SealNumber": ""
  },
  {
    "Name": "Москва местами",
    "EnterInvoices": [
      "#PC#497-AA-93846221",
      "#PC#497-AA-93846219",
      "#PC#497-AA-93846220",
      "#PC#497-AA-93802560"
    ],
    "HistoryInvoces": [
      {
        "Time": "19:37:54",
        "Data": "#PC#497-AA-93840997"
      },
      {
        "Time": "19:37:51",
        "Data": "#PC#497-AA-93840826"
      },
      {
        "Time": "19:37:48",
        "Data": "#PC#497-AA-93840238"
      },
      {
        "Time": "19:37:45",
        "Data": "#PC#497-AA-93802722"
      },
      {
        "Time": "19:37:42",
        "Data": "#PC#497-AA-93837992"
      },
      {
        "Time": "19:37:39",
        "Data": "#PC#497-AA-93841569"
      },
      {
        "Time": "19:37:36",
        "Data": "#PC#497-AA-93840510"
      },
      {
        "Time": "19:37:34",
        "Data": "#PC#497-AA-93844892"
      },
      {
        "Time": "19:37:30",
        "Data": "#PC#497-AA-93839494"
      },
      {
        "Time": "19:37:28",
        "Data": "#PC#497-AA-93803562"
      },
      {
        "Time": "19:37:24",
        "Data": "#PC#497-AA-93839799"
      },
      {
        "Time": "19:37:21",
        "Data": "#PC#497-AA-93839507"
      },
      {
        "Time": "19:37:18",
        "Data": "#PC#497-AA-93840148"
      },
      {
        "Time": "19:37:15",
        "Data": "#PC#497-AA-93839495"
      },
      {
        "Time": "19:37:12",
        "Data": "#PC#497-AA-93839468"
      },
      {
        "Time": "19:37:09",
        "Data": "#PC#497-AA-93840696"
      },
      {
        "Time": "19:37:06",
        "Data": "#PC#497-AA-93840599"
      },
      {
        "Time": "19:37:03",
        "Data": "#PC#497-AA-93840214"
      },
      {
        "Time": "19:37:00",
        "Data": "#PC#497-A054087-000010677"
      },
      {
        "Time": "19:36:57",
        "Data": "#PC#497-AA-93802680"
      },
      {
        "Time": "19:36:52",
        "Data": "#PC#497-A054087-000010676"
      },
      {
        "Time": "19:36:50",
        "Data": "#PC#497-AA-93803463"
      },
      {
        "Time": "19:36:47",
        "Data": "#PC#497-AA-93840598"
      },
      {
        "Time": "19:36:45",
        "Data": "#PC#497-AA-93840175"
      },
      {
        "Time": "19:36:42",
        "Data": "#PC#497-A054087-000010679"
      },
      {
        "Time": "19:36:40",
        "Data": "#PC#497-A054087-000010678"
      },
      {
        "Time": "19:36:38",
        "Data": "497-004961378"
      },
      {
        "Time": "19:36:35",
        "Data": "#PC#497-AA-93844799"
      }
    ],
    "Consolidations": [],
    "GMTNumber": "",
    "SealNumber": ""
  },
  {
    "Name": "Складочная",
    "EnterInvoices": [
      "#PC#497-2232832-000000178",
      "#PC#497-2232832-000000176",
      "#PC#497-A034661-000000943",
      "#PC#497-A034661-000000942",
      "#PC#497-AA-93845594",
      "#PC#497-A002686-000008706"
    ],
    "HistoryInvoces": [
      {
        "Time": "19:18:22",
        "Data": "#PC#497-AA-93843356"
      },
      {
        "Time": "19:18:19",
        "Data": "#PC#497-AA-93837915"
      },
      {
        "Time": "19:18:17",
        "Data": "#PC#497-AA-93837919"
      },
      {
        "Time": "19:18:14",
        "Data": "#PC#497-AA-93810832"
      },
      {
        "Time": "19:18:12",
        "Data": "#PC#497-AA-93844280"
      },
      {
        "Time": "19:18:10",
        "Data": "#PC#497-A034676-000006570"
      },
      {
        "Time": "19:18:04",
        "Data": "#PC#497-0050978-000006282"
      },
      {
        "Time": "19:16:34",
        "Data": "03224421"
      }
    ],
    "Consolidations": [],
    "GMTNumber": "#F#495-000000000006978913",
    "SealNumber": "03224421"
  },
  {
    "Name": "Дубровка",
    "EnterInvoices": [
      "#PC#497-AA-93801813",
      "#PC#497-AA-93840000",
      "#PC#497-AA-93846335",
      "#PC#497-AA-93846347",
      "#PC#497-AA-93837109",
      "#PC#497-AA-93846341",
      "#PC#497-AA-93802527",
      "#PC#497-AA-93837048",
      "#PC#497-AA-93802545",
      "#PC#497-AA-93837067",
      "#PC#497-AA-93837084",
      "#PC#497-AA-93837121",
      "#PC#497-AA-93837282",
      "#PC#497-AA-93845589",
      "#PC#497-AA-93837025",
      "#PC#497-AA-93802487",
      "#PC#497-A037999-000012993"
    ],
    "HistoryInvoces": [
      {
        "Time": "19:20:00",
        "Data": "#PC#497-A033068-000002054"
      },
      {
        "Time": "19:19:57",
        "Data": "#PC#497-AA-93845154"
      },
      {
        "Time": "19:19:54",
        "Data": "#PC#497-AA-93845155"
      },
      {
        "Time": "19:19:49",
        "Data": "#PC#497-AA-93845159"
      },
      {
        "Time": "19:19:46",
        "Data": "#PC#497-AA-93845170"
      },
      {
        "Time": "19:19:44",
        "Data": "#PC#497-AA-93845217"
      },
      {
        "Time": "19:19:41",
        "Data": "#PC#497-AA-93844714"
      },
      {
        "Time": "19:19:39",
        "Data": "#PC#497-AA-93844692"
      },
      {
        "Time": "19:19:37",
        "Data": "#PC#497-AA-93844692"
      },
      {
        "Time": "19:19:34",
        "Data": "#PC#497-0145302-000000105"
      },
      {
        "Time": "19:19:31",
        "Data": "#PC#497-AA-93841810"
      },
      {
        "Time": "19:19:28",
        "Data": "#PC#497-AA-93843353"
      },
      {
        "Time": "19:19:26",
        "Data": "#PC#497-A034210-000002663"
      },
      {
        "Time": "19:19:23",
        "Data": "#PC#497-A010326-000000035"
      },
      {
        "Time": "19:19:20",
        "Data": "#PC#497-AA-93843837"
      },
      {
        "Time": "19:19:16",
        "Data": "#PC#497-AA-93840128"
      },
      {
        "Time": "19:19:14",
        "Data": "#PC#497-AA-93837904"
      },
      {
        "Time": "19:19:11",
        "Data": "#PC#497-AA-93837906"
      },
      {
        "Time": "19:19:09",
        "Data": "#PC#497-AA-93837910"
      },
      {
        "Time": "19:19:06",
        "Data": "#PC#497-AA-93838916"
      },
      {
        "Time": "19:19:04",
        "Data": "#PC#497-AA-93838902"
      },
      {
        "Time": "19:19:02",
        "Data": "#PC#497-AA-93806386"
      },
      {
        "Time": "19:18:59",
        "Data": "#PC#497-AA-93844653"
      },
      {
        "Time": "19:18:57",
        "Data": "#PC#497-AA-93844627"
      },
      {
        "Time": "19:16:42",
        "Data": "03224422"
      },
      {
        "Time": "19:16:39",
        "Data": "03224422"
      }
    ],
    "Consolidations": [],
    "GMTNumber": "#F#495-000000000006978917",
    "SealNumber": "03224422"
  },
  {
    "Name": "Томилино",
    "EnterInvoices": [
      "#PC#497-6767840-000000849",
      "#PC#497-AA-93836999",
      "#PC#497-AA-93845597",
      "#PC#497-AA-93845843",
      "#PC#497-AA-93843187",
      "#PC#497-AA-93841874",
      "#PC#497-AA-93841069",
      "#PC#497-AA-93841045",
      "#PC#497-AA-93841190",
      "#PC#497-AA-93799845",
      "#PC#497-AA-93841173",
      "#PC#497-AA-93801769"
    ],
    "HistoryInvoces": [
      {
        "Time": "19:21:44",
        "Data": "#PC#497-0048452-000000075"
      },
      {
        "Time": "19:21:41",
        "Data": "#PC#497-AA-93838625"
      },
      {
        "Time": "19:21:38",
        "Data": "#PC#497-AA-93843847"
      },
      {
        "Time": "19:21:36",
        "Data": "#PC#497-AA-93837912"
      },
      {
        "Time": "19:21:32",
        "Data": "#PC#497-6634972-000003752"
      },
      {
        "Time": "19:21:30",
        "Data": "#PC#497-AA-93844622"
      },
      {
        "Time": "19:21:27",
        "Data": "#PC#497-AA-93844623"
      },
      {
        "Time": "19:21:24",
        "Data": "#PC#497-0050978-000006283"
      },
      {
        "Time": "19:21:21",
        "Data": "#PC#497-2233014-000003184"
      },
      {
        "Time": "19:21:19",
        "Data": "#PC#497-A010326-000000039"
      },
      {
        "Time": "19:16:48",
        "Data": "03224423"
      }
    ],
    "Consolidations": [],
    "GMTNumber": "#F#495-000000000006978921",
    "SealNumber": "03224423"
  },
  {
    "Name": "Сверхсрочки",
    "EnterInvoices": [],
    "HistoryInvoces": [
      {
        "Time": "19:23:25",
        "Data": "#PC#497-A027614-000000062"
      },
      {
        "Time": "19:23:23",
        "Data": "#PC#497-AA-93841567"
      },
      {
        "Time": "19:23:20",
        "Data": "#PC#497-0157960-000007429"
      },
      {
        "Time": "19:16:52",
        "Data": "03224424"
      }
    ],
    "Consolidations": [],
    "GMTNumber": "#F#495-000000000006978929",
    "SealNumber": "03224424"
  },
  {
    "Name": "БИО",
    "EnterInvoices": [],
    "HistoryInvoces": [
      {
        "Time": "19:24:23",
        "Data": "#PC#497-A035727-000000702"
      },
      {
        "Time": "19:24:20",
        "Data": "#PC#497-A035727-000000705"
      },
      {
        "Time": "19:24:18",
        "Data": "#PC#497-A035727-000000703"
      },
      {
        "Time": "19:24:16",
        "Data": "#PC#497-A035727-000000704"
      },
      {
        "Time": "19:16:56",
        "Data": "03224425"
      }
    ],
    "Consolidations": [],
    "GMTNumber": "#F#495-000000000006978932",
    "SealNumber": "03224425"
  },
  {
    "Name": "Москва ЕЛИ местами",
    "EnterInvoices": [],
    "HistoryInvoces": [],
    "Consolidations": [],
    "GMTNumber": "",
    "SealNumber": ""
  },
  {
    "Name": "Складочная ЕЛИ",
    "EnterInvoices": [],
    "HistoryInvoces": [],
    "Consolidations": [],
    "GMTNumber": null,
    "SealNumber": null
  },
  {
    "Name": "Дубровка ЕЛИ",
    "EnterInvoices": [],
    "HistoryInvoces": [],
    "Consolidations": [],
    "GMTNumber": null,
    "SealNumber": null
  },
  {
    "Name": "Томилино ЕЛИ",
    "EnterInvoices": [],
    "HistoryInvoces": [],
    "Consolidations": [],
    "GMTNumber": null,
    "SealNumber": null
  },
  {
    "Name": "Хабаровск местами",
    "EnterInvoices": [
      "#PC#497-AA-93845763",
      "#PC#497-AA-93845764",
      "#PC#497-AA-93845765",
      "#PC#497-6766408-000001192",
      "#PC#497-AA-93845761",
      "#PC#497-A032085-000000136"
    ],
    "HistoryInvoces": [
      {
        "Time": "19:35:21",
        "Data": "#PC#497-0149601-000000502"
      },
      {
        "Time": "19:35:18",
        "Data": "#PC#497-0149601-000000508"
      },
      {
        "Time": "19:35:16",
        "Data": "#PC#497-A024943-000102428"
      },
      {
        "Time": "19:35:13",
        "Data": "#PC#497-0184773-000004888"
      },
      {
        "Time": "19:35:10",
        "Data": "#PC#497-A038285-000000641"
      },
      {
        "Time": "19:35:07",
        "Data": "#PC#497-0184773-000004887"
      },
      {
        "Time": "19:35:04",
        "Data": "#PC#497-0184773-000004885"
      },
      {
        "Time": "19:35:01",
        "Data": "#PC#497-0184773-000004893"
      },
      {
        "Time": "19:34:58",
        "Data": "#PC#497-0184773-000004894"
      },
      {
        "Time": "19:34:53",
        "Data": "#PC#497-0184773-000004886"
      },
      {
        "Time": "19:34:50",
        "Data": "#PC#497-0184773-000004889"
      },
      {
        "Time": "19:34:47",
        "Data": "#PC#497-A038285-000000643"
      },
      {
        "Time": "19:34:45",
        "Data": "#PC#497-A038285-000000644"
      },
      {
        "Time": "19:34:41",
        "Data": "#PC#497-A038285-000000645"
      },
      {
        "Time": "19:34:39",
        "Data": "#PC#497-A038285-000000642"
      },
      {
        "Time": "19:34:36",
        "Data": "#PC#497-AA-93844519"
      },
      {
        "Time": "19:34:34",
        "Data": "#PC#497-0184773-000004870"
      },
      {
        "Time": "19:34:31",
        "Data": "#PC#497-0184773-000004871"
      },
      {
        "Time": "19:34:29",
        "Data": "#PC#497-0184773-000004869"
      },
      {
        "Time": "19:34:26",
        "Data": "#PC#497-0184773-000004874"
      },
      {
        "Time": "19:34:24",
        "Data": "#PC#497-0157960-000007426"
      },
      {
        "Time": "19:34:21",
        "Data": "#PC#497-0149601-000000500"
      },
      {
        "Time": "19:34:18",
        "Data": "497-004987935"
      },
      {
        "Time": "19:34:16",
        "Data": "#PC#497-0184773-000004867"
      },
      {
        "Time": "19:34:14",
        "Data": "#PC#497-0184773-000004877"
      }
    ],
    "Consolidations": [],
    "GMTNumber": "",
    "SealNumber": ""
  },
  {
    "Name": "Хабаровск мешок",
    "EnterInvoices": [
      "#PC#497-AA-93846331",
      "#PC#497-6658319-000000766",
      "#PC#497-6749744-000012776",
      "#PC#497-6658319-000000767",
      "#PC#497-AA-93845598",
      "#PC#497-A034661-000000944"
    ],
    "HistoryInvoces": [
      {
        "Time": "19:27:01",
        "Data": "#PC#497-1130776-000002814"
      },
      {
        "Time": "19:26:58",
        "Data": "#PC#497-A038285-000000646"
      },
      {
        "Time": "19:26:56",
        "Data": "#PC#497-A010326-000000038"
      },
      {
        "Time": "19:26:51",
        "Data": "#PC#497-A024943-000102508"
      },
      {
        "Time": "19:26:48",
        "Data": "#PC#497-A024943-000102440"
      },
      {
        "Time": "19:26:46",
        "Data": "497-004942574"
      },
      {
        "Time": "19:26:43",
        "Data": "#PC#497-AA-93808814"
      },
      {
        "Time": "19:26:40",
        "Data": "#PC#497-AA-93838130"
      },
      {
        "Time": "19:26:37",
        "Data": "#PC#497-A035000-000000196"
      },
      {
        "Time": "19:26:34",
        "Data": "#PC#497-A033190-000035067"
      },
      {
        "Time": "19:26:31",
        "Data": "#PC#497-AA-93837917"
      },
      {
        "Time": "19:26:29",
        "Data": "#PC#497-AA-93837921"
      },
      {
        "Time": "19:26:26",
        "Data": "#PC#497-2232832-000000174"
      },
      {
        "Time": "19:26:23",
        "Data": "#PC#497-2232832-000000175"
      },
      {
        "Time": "19:26:21",
        "Data": "#PC#497-6658319-000000762"
      },
      {
        "Time": "19:26:17",
        "Data": "#PC#497-A037999-000013003"
      },
      {
        "Time": "19:26:15",
        "Data": "#PC#497-AA-93844668"
      },
      {
        "Time": "19:26:12",
        "Data": "#PC#497-A032774-000001588"
      },
      {
        "Time": "19:26:09",
        "Data": "#PC#497-A032774-000001587"
      },
      {
        "Time": "19:26:07",
        "Data": "#PC#497-A034676-000006569"
      },
      {
        "Time": "19:26:05",
        "Data": "#PC#497-A034676-000006571"
      },
      {
        "Time": "19:26:02",
        "Data": "#PC#497-0038589-000001438"
      },
      {
        "Time": "19:26:00",
        "Data": "#PC#497-0038589-000001439"
      },
      {
        "Time": "19:25:57",
        "Data": "#PC#497-A032774-000001586"
      },
      {
        "Time": "19:17:32",
        "Data": "03224426"
      }
    ],
    "Consolidations": [],
    "GMTNumber": "#F#495-000000000006978937",
    "SealNumber": "03224426"
  },
  {
    "Name": "Южный местами",
    "EnterInvoices": [
      "497-004989811",
      "#PC#497-0184773-000004897",
      "#PC#497-0184773-000004890",
      "#PC#497-0184773-000004897",
      "#PC#497-0184773-000004878",
      "#PC#497-0184773-000004876"
    ],
    "HistoryInvoces": [],
    "Consolidations": [],
    "GMTNumber": "",
    "SealNumber": ""
  },
  {
    "Name": "Южный мешок",
    "EnterInvoices": [],
    "HistoryInvoces": [
      {
        "Time": "19:27:45",
        "Data": "#PC#497-0184773-000004873"
      }
    ],
    "Consolidations": [],
    "GMTNumber": "#F#495-000000000006978943",
    "SealNumber": "03224427"
  },
  {
    "Name": "Камчатка местами",
    "EnterInvoices": [],
    "HistoryInvoces": [],
    "Consolidations": [],
    "GMTNumber": "",
    "SealNumber": ""
  },
  {
    "Name": "Камчатка мешок",
    "EnterInvoices": [
      "#PC#497-0149601-000000507",
      "#PC#497-0149601-000000506",
      "#PC#497-0149601-000000505"
    ],
    "HistoryInvoces": [
      {
        "Time": "19:28:45",
        "Data": "#PC#497-AA-93844234"
      },
      {
        "Time": "19:28:43",
        "Data": "#PC#497-AA-93839968"
      }
    ],
    "Consolidations": [],
    "GMTNumber": "#F#495-000000000006978944",
    "SealNumber": "03224428"
  },
  {
    "Name": "Артем места",
    "EnterInvoices": [],
    "HistoryInvoces": [],
    "Consolidations": [],
    "GMTNumber": null,
    "SealNumber": null
  },
  {
    "Name": "Артем мешок",
    "EnterInvoices": [],
    "HistoryInvoces": [],
    "Consolidations": [],
    "GMTNumber": null,
    "SealNumber": null
  },
  {
    "Name": "Флагман",
    "EnterInvoices": [],
    "HistoryInvoces": [],
    "Consolidations": [],
    "GMTNumber": null,
    "SealNumber": null
  },
  {
    "Name": "Флагман мешок",
    "EnterInvoices": [],
    "HistoryInvoces": [],
    "Consolidations": [],
    "GMTNumber": null,
    "SealNumber": null
  },
  {
    "Name": "Арсеньев",
    "EnterInvoices": [],
    "HistoryInvoces": [],
    "Consolidations": [],
    "GMTNumber": null,
    "SealNumber": null
  },
  {
    "Name": "Спасск",
    "EnterInvoices": [],
    "HistoryInvoces": [],
    "Consolidations": [],
    "GMTNumber": null,
    "SealNumber": null
  },
  {
    "Name": "Лесозаводск",
    "EnterInvoices": [],
    "HistoryInvoces": [],
    "Consolidations": [],
    "GMTNumber": null,
    "SealNumber": null
  },
  {
    "Name": "Дальнереченск",
    "EnterInvoices": [],
    "HistoryInvoces": [],
    "Consolidations": [],
    "GMTNumber": null,
    "SealNumber": null
  },
  {
    "Name": "Дальнегорск",
    "EnterInvoices": [],
    "HistoryInvoces": [],
    "Consolidations": [],
    "GMTNumber": null,
    "SealNumber": null
  },
  {
    "Name": "Москва АМО-ПРЕСС паллет",
    "EnterInvoices": [],
    "HistoryInvoces": [],
    "Consolidations": [],
    "GMTNumber": null,
    "SealNumber": null
  },
  {
    "Name": "Москва АМО-ПРЕСС мешок",
    "EnterInvoices": [],
    "HistoryInvoces": [],
    "Consolidations": [],
    "GMTNumber": null,
    "SealNumber": null
  },
  {
    "Name": "Южный ДВ ТЭК паллет",
    "EnterInvoices": [],
    "HistoryInvoces": [],
    "Consolidations": [],
    "GMTNumber": null,
    "SealNumber": null
  },
  {
    "Name": "Южный ДВ ТЭК мешок",
    "EnterInvoices": [],
    "HistoryInvoces": [],
    "Consolidations": [],
    "GMTNumber": null,
    "SealNumber": null
  },
  {
    "Name": "Камчатка ДВ ТЭК паллет",
    "EnterInvoices": [],
    "HistoryInvoces": [],
    "Consolidations": [],
    "GMTNumber": null,
    "SealNumber": null
  },
  {
    "Name": "Камчатка ДВ ТЭК мешок",
    "EnterInvoices": [],
    "HistoryInvoces": [],
    "Consolidations": [],
    "GMTNumber": null,
    "SealNumber": null
  },
  {
    "Name": "Магадан ДВ ТЭК паллет",
    "EnterInvoices": [],
    "HistoryInvoces": [],
    "Consolidations": [],
    "GMTNumber": null,
    "SealNumber": null
  },
  {
    "Name": "Магадан ДВ ТЭК мешок",
    "EnterInvoices": [],
    "HistoryInvoces": [],
    "Consolidations": [],
    "GMTNumber": null,
    "SealNumber": null
  },
  {
    "Name": "Дополнительно 1",
    "EnterInvoices": [],
    "HistoryInvoces": [],
    "Consolidations": [],
    "GMTNumber": null,
    "SealNumber": null
  },
  {
    "Name": "Дополнительно 2",
    "EnterInvoices": [],
    "HistoryInvoces": [],
    "Consolidations": [],
    "GMTNumber": null,
    "SealNumber": null
  },
  {
    "Name": "Дополнительно 3",
    "EnterInvoices": [],
    "HistoryInvoces": [],
    "Consolidations": [],
    "GMTNumber": null,
    "SealNumber": null
  },
  {
    "Name": "Дополнительно 4",
    "EnterInvoices": [],
    "HistoryInvoces": [],
    "Consolidations": [],
    "GMTNumber": null,
    "SealNumber": null
  },
  {
    "Name": "Дополнительно 5",
    "EnterInvoices": [],
    "HistoryInvoces": [],
    "Consolidations": [],
    "GMTNumber": null,
    "SealNumber": null
  }
]