[
  {
    "Name": "Основное",
    "EnterInvoices": [],
    "HistoryInvoces": [
      {
        "Time": "17:19:43",
        "Data": "497-004999305"
      },
      {
        "Time": "17:19:41",
        "Data": "497-0036200-00003650"
      },
      {
        "Time": "17:19:40",
        "Data": "497-004991141"
      },
      {
        "Time": "17:19:37",
        "Data": "497-A028216-00004937"
      },
      {
        "Time": "17:19:35",
        "Data": "#PC#497-7645351-000000270"
      },
      {
        "Time": "17:19:34",
        "Data": "#PC#497-AA-93765801"
      },
      {
        "Time": "17:19:31",
        "Data": "497-004983073"
      },
      {
        "Time": "17:19:21",
        "Data": "497-004995457"
      },
      {
        "Time": "17:19:18",
        "Data": "#PC#497-AA-93817254"
      },
      {
        "Time": "17:19:15",
        "Data": "#PC#497-AA-93790837"
      },
      {
        "Time": "17:19:12",
        "Data": "497-A059210-00024172"
      },
      {
        "Time": "17:19:05",
        "Data": "#PC#497-AA-93807219"
      },
      {
        "Time": "17:19:05",
        "Data": "#PC#497-AA-93807219"
      },
      {
        "Time": "17:39:32",
        "Data": "#PC#497-A028265-000052029"
      },
      {
        "Time": "17:39:36",
        "Data": "#PC#497-A028265-000052030"
      },
      {
        "Time": "17:19:01",
        "Data": "497-A010905-00048771"
      },
      {
        "Time": "17:18:59",
        "Data": "#PC#497-AA-93804999"
      },
      {
        "Time": "17:18:56",
        "Data": "497-A010905-00048715"
      },
      {
        "Time": "17:18:52",
        "Data": "497-005005806"
      },
      {
        "Time": "17:18:49",
        "Data": "#PC#497-AA-93799938"
      },
      {
        "Time": "17:18:42",
        "Data": "497-004969304-13"
      },
      {
        "Time": "17:18:40",
        "Data": "497-AA-93917874"
      },
      {
        "Time": "17:18:38",
        "Data": "#PC#497-AA-93809258"
      },
      {
        "Time": "17:18:35",
        "Data": "#PC#497-AA-93797636"
      },
      {
        "Time": "17:18:33",
        "Data": "#PC#497-AA-93809337"
      },
      {
        "Time": "17:18:31",
        "Data": "#PC#497-AA-93806983"
      },
      {
        "Time": "17:18:27",
        "Data": "#PC#497-AA-93783645"
      },
      {
        "Time": "17:18:25",
        "Data": "#PC#497-AA-93787806"
      },
      {
        "Time": "17:18:23",
        "Data": "#PC#497-AA-93774906"
      },
      {
        "Time": "17:18:20",
        "Data": "#PC#497-A059180-000663038"
      },
      {
        "Time": "17:18:17",
        "Data": "497-0026531-00015516"
      },
      {
        "Time": "17:18:16",
        "Data": "#PC#497-A038072-000000205"
      },
      {
        "Time": "17:18:14",
        "Data": "#PC#497-0014828-000000041"
      },
      {
        "Time": "17:18:13",
        "Data": "#PC#497-0057353-000001743"
      },
      {
        "Time": "17:18:09",
        "Data": "#PC#497-A024943-000101054"
      },
      {
        "Time": "16:32:13",
        "Data": "#PC#497-A054602-000013356"
      },
      {
        "Time": "16:32:09",
        "Data": "#PC#497-A054602-000013357"
      },
      {
        "Time": "16:32:06",
        "Data": "#PC#497-A054602-000013346"
      },
      {
        "Time": "16:32:04",
        "Data": "#PC#497-A054602-000013340"
      },
      {
        "Time": "16:32:03",
        "Data": "#PC#497-A054602-000013341"
      },
      {
        "Time": "16:32:02",
        "Data": "#PC#497-A054602-000013347"
      },
      {
        "Time": "16:31:57",
        "Data": "#PC#497-A054602-000013343"
      },
      {
        "Time": "16:31:56",
        "Data": "#PC#497-A054602-000013342"
      },
      {
        "Time": "16:31:56",
        "Data": "#PC#497-A054602-000013345"
      },
      {
        "Time": "16:31:55",
        "Data": "#PC#497-A054602-000013354"
      },
      {
        "Time": "16:31:54",
        "Data": "#PC#497-A054602-000013344"
      },
      {
        "Time": "16:31:53",
        "Data": "#PC#497-A054602-000013358"
      },
      {
        "Time": "16:31:42",
        "Data": "#PC#497-AA-93507747"
      },
      {
        "Time": "16:31:22",
        "Data": "#PC#497-A054602-000013357"
      },
      {
        "Time": "16:31:18",
        "Data": "#PC#497-AA-93313942      "
      },
      {
        "Time": "12:54:31",
        "Data": "#PC#497-AA-93491043"
      },
      {
        "Time": "12:54:29",
        "Data": "#PC#497-AA-93491044"
      },
      {
        "Time": "12:54:06",
        "Data": "#PC#497-AA-93841247"
      },
      {
        "Time": "12:53:59",
        "Data": "#PC#497-AA-93811056"
      },
      {
        "Time": "12:53:58",
        "Data": "#PC#497-AA-93839132"
      },
      {
        "Time": "12:53:57",
        "Data": "#PC#497-AA-93839278"
      },
      {
        "Time": "12:53:57",
        "Data": "#PC#497-AA-93808058"
      },
      {
        "Time": "12:53:56",
        "Data": "#PC#497-AA-93841835"
      },
      {
        "Time": "12:53:56",
        "Data": "#PC#497-AA-93839137"
      },
      {
        "Time": "12:53:55",
        "Data": "#PC#497-AA-93839435"
      },
      {
        "Time": "12:53:55",
        "Data": "#PC#497-AA-93838700"
      },
      {
        "Time": "12:53:55",
        "Data": "#PC#497-AA-93839136"
      },
      {
        "Time": "12:53:54",
        "Data": "#PC#497-AA-93839135"
      },
      {
        "Time": "12:53:54",
        "Data": "#PC#497-AA-93840202"
      },
      {
        "Time": "12:53:53",
        "Data": "#PC#497-AA-93811057"
      },
      {
        "Time": "12:53:53",
        "Data": "#PC#497-AA-93839347"
      },
      {
        "Time": "12:53:52",
        "Data": "#PC#497-AA-93808056"
      },
      {
        "Time": "12:53:52",
        "Data": "#PC#497-AA-93840203"
      },
      {
        "Time": "12:53:52",
        "Data": "#PC#497-AA-93811664"
      },
      {
        "Time": "12:53:51",
        "Data": "#PC#497-AA-93811664"
      },
      {
        "Time": "12:53:51",
        "Data": "#PC#497-AA-93839279"
      },
      {
        "Time": "12:53:50",
        "Data": "#PC#497-AA-93839508"
      },
      {
        "Time": "12:53:50",
        "Data": "#PC#497-AA-93839486"
      },
      {
        "Time": "12:53:50",
        "Data": "#PC#497-AA-93841023"
      },
      {
        "Time": "12:53:49",
        "Data": "#PC#497-AA-93839276"
      },
      {
        "Time": "12:53:48",
        "Data": "#PC#497-AA-93839510"
      },
      {
        "Time": "12:53:48",
        "Data": "#PC#497-AA-93811055"
      },
      {
        "Time": "12:53:47",
        "Data": "#PC#497-AA-93811048"
      },
      {
        "Time": "12:53:46",
        "Data": "#PC#497-AA-93800897"
      },
      {
        "Time": "12:53:46",
        "Data": "#PC#497-AA-93800981"
      },
      {
        "Time": "12:53:45",
        "Data": "#PC#497-AA-93800894"
      },
      {
        "Time": "12:53:45",
        "Data": "#PC#497-AA-93800956"
      },
      {
        "Time": "12:53:44",
        "Data": "#PC#497-AA-93800922"
      },
      {
        "Time": "12:53:44",
        "Data": "#PC#497-AA-93800957"
      },
      {
        "Time": "12:53:44",
        "Data": "#PC#497-AA-93767217"
      },
      {
        "Time": "12:53:43",
        "Data": "#PC#497-AA-93763835"
      },
      {
        "Time": "12:53:43",
        "Data": "#PC#497-AA-93800893"
      },
      {
        "Time": "12:53:42",
        "Data": "#PC#497-AA-93840539"
      },
      {
        "Time": "12:53:42",
        "Data": "#PC#497-AA-93836904"
      },
      {
        "Time": "12:53:42",
        "Data": "#PC#497-AA-93838036"
      },
      {
        "Time": "12:53:41",
        "Data": "#PC#497-AA-93836903"
      },
      {
        "Time": "12:53:41",
        "Data": "#PC#497-AA-93836795"
      },
      {
        "Time": "12:53:40",
        "Data": "#PC#497-AA-93801309"
      },
      {
        "Time": "12:53:40",
        "Data": "#PC#497-AA-93802775"
      },
      {
        "Time": "12:53:39",
        "Data": "#PC#497-AA-93804795"
      },
      {
        "Time": "12:53:38",
        "Data": "#PC#497-AA-93801301"
      },
      {
        "Time": "12:53:38",
        "Data": "#PC#497-AA-93802704"
      },
      {
        "Time": "12:53:37",
        "Data": "#PC#497-AA-93804794"
      },
      {
        "Time": "12:53:37",
        "Data": "#PC#497-AA-93801729"
      },
      {
        "Time": "12:53:37",
        "Data": "#PC#497-AA-93802703"
      },
      {
        "Time": "12:53:36",
        "Data": "#PC#497-AA-93803842"
      },
      {
        "Time": "12:53:36",
        "Data": "#PC#497-AA-93803912"
      },
      {
        "Time": "12:53:35",
        "Data": "#PC#497-AA-93803436"
      },
      {
        "Time": "12:53:34",
        "Data": "#PC#497-AA-93805636"
      },
      {
        "Time": "12:53:32",
        "Data": "#PC#497-AA-93837017"
      },
      {
        "Time": "12:53:30",
        "Data": "#PC#497-AA-93837021"
      },
      {
        "Time": "12:53:30",
        "Data": "#PC#497-AA-93839380"
      },
      {
        "Time": "12:53:18",
        "Data": "76104267"
      },
      {
        "Time": "12:53:16",
        "Data": "#PC#497-AA-93879409"
      },
      {
        "Time": "12:53:15",
        "Data": "#PC#497-AA-93879407"
      },
      {
        "Time": "12:53:14",
        "Data": "#PC#497-AA-93879406"
      },
      {
        "Time": "12:53:13",
        "Data": "#PC#497-AA-93879384"
      },
      {
        "Time": "12:53:11",
        "Data": "#PC#497-AA-93879391"
      },
      {
        "Time": "12:53:10",
        "Data": "#PC#497-AA-93879393"
      },
      {
        "Time": "12:53:09",
        "Data": "#PC#497-AA-93879403"
      },
      {
        "Time": "12:53:08",
        "Data": "#PC#497-AA-93879402"
      },
      {
        "Time": "12:53:07",
        "Data": "#PC#497-AA-93879400"
      },
      {
        "Time": "12:53:05",
        "Data": "#PC#497-AA-93879401"
      },
      {
        "Time": "12:53:05",
        "Data": "#PC#497-AA-93879398"
      },
      {
        "Time": "12:53:04",
        "Data": "#PC#497-AA-93879397"
      },
      {
        "Time": "12:53:03",
        "Data": "#PC#497-AA-93879396"
      },
      {
        "Time": "12:53:02",
        "Data": "#PC#497-AA-93879395"
      },
      {
        "Time": "12:53:01",
        "Data": "#PC#497-AA-93879366"
      },
      {
        "Time": "12:52:49",
        "Data": "#PC#497-AA-93219992"
      },
      {
        "Time": "12:52:40",
        "Data": "#PC#497-AA-92801168"
      },
      {
        "Time": "12:52:33",
        "Data": "#PC#497-AA-93471911"
      },
      {
        "Time": "12:52:32",
        "Data": "#PC#497-AA-93202793"
      },
      {
        "Time": "12:52:21",
        "Data": "#PC#497-AA-93751215"
      },
      {
        "Time": "12:52:20",
        "Data": "#PC#497-AA-93774791"
      },
      {
        "Time": "12:52:10",
        "Data": "#PC#497-AA-93018505"
      },
      {
        "Time": "12:51:46",
        "Data": "#PC#497-AA-93442393"
      },
      {
        "Time": "12:51:26",
        "Data": "#PC#497-AA-93267757"
      },
      {
        "Time": "12:51:22",
        "Data": "#PC#497-7652668-000000961"
      },
      {
        "Time": "12:51:20",
        "Data": "#PC#497-AA-93502255"
      },
      {
        "Time": "12:51:18",
        "Data": "#PC#497-AA-93754320"
      },
      {
        "Time": "12:51:17",
        "Data": "#PC#497-A033190-000023731"
      },
      {
        "Time": "12:51:13",
        "Data": "#PC#497-AA-93058095"
      },
      {
        "Time": "12:51:06",
        "Data": "#PC#497-AA-93808180"
      },
      {
        "Time": "12:51:04",
        "Data": "#PC#497-AA-93722571"
      },
      {
        "Time": "12:51:01",
        "Data": "#PC#497-0104108-000021497"
      },
      {
        "Time": "12:50:59",
        "Data": "#PC#497-2356650-000014056"
      },
      {
        "Time": "12:50:56",
        "Data": "#PC#497-A055673-000005966"
      },
      {
        "Time": "12:50:54",
        "Data": "#PC#497-AA-93845777"
      },
      {
        "Time": "12:50:51",
        "Data": "#PC#497-AA-93845768"
      },
      {
        "Time": "12:50:49",
        "Data": "#PC#497-AA-93846153"
      },
      {
        "Time": "12:50:47",
        "Data": "#PC#497-1126141-000000750"
      },
      {
        "Time": "12:50:42",
        "Data": "#PC#497-AA-93845695"
      },
      {
        "Time": "12:50:41",
        "Data": "#PC#497-AA-93845719"
      },
      {
        "Time": "12:50:40",
        "Data": "#PC#497-0004828-000009596"
      },
      {
        "Time": "12:50:26",
        "Data": "#PC#497-AA-92966720"
      },
      {
        "Time": "12:50:05",
        "Data": "#PC#497-AA-93482678"
      },
      {
        "Time": "12:50:03",
        "Data": "#PC#497-AA-93508267"
      },
      {
        "Time": "12:50:01",
        "Data": "#PC#497-AA-93502904"
      },
      {
        "Time": "12:49:59",
        "Data": "#PC#497-AA-93275765"
      },
      {
        "Time": "12:49:58",
        "Data": "#PC#497-AA-92674051"
      },
      {
        "Time": "12:49:57",
        "Data": "#PC#497-AA-93486163"
      },
      {
        "Time": "12:49:54",
        "Data": "#PC#497-AA-93300153"
      },
      {
        "Time": "12:49:52",
        "Data": "#PC#497-AA-93281056"
      },
      {
        "Time": "12:49:51",
        "Data": "497-A059210-00015728"
      },
      {
        "Time": "12:49:48",
        "Data": "#PC#497-AA-93493412"
      },
      {
        "Time": "12:49:46",
        "Data": "#PC#497-AA-93453352"
      },
      {
        "Time": "12:49:43",
        "Data": "497-A059210-00016628"
      },
      {
        "Time": "12:49:38",
        "Data": "#PC#497-A059180-000657224"
      },
      {
        "Time": "12:49:37",
        "Data": "#PC#497-AA-93097979"
      },
      {
        "Time": "12:49:36",
        "Data": "#PC#497-AA-93552009"
      },
      {
        "Time": "12:49:35",
        "Data": "#PC#497-AA-93209336"
      },
      {
        "Time": "12:49:35",
        "Data": "#PC#497-AA-93504263"
      },
      {
        "Time": "12:49:33",
        "Data": "#PC#497-A059210-001149374"
      },
      {
        "Time": "12:49:31",
        "Data": "#PC#497-AA-93677969"
      },
      {
        "Time": "12:49:27",
        "Data": "#PC#497-AA-93093328"
      },
      {
        "Time": "12:49:26",
        "Data": "#PC#497-0016975-000000068"
      },
      {
        "Time": "12:49:25",
        "Data": "#PC#497-AA-93183569"
      },
      {
        "Time": "12:49:24",
        "Data": "#PC#497-AA-93510125"
      },
      {
        "Time": "12:49:23",
        "Data": "#PC#497-AA-93746710"
      },
      {
        "Time": "12:49:22",
        "Data": "#PC#497-AA-93617502"
      },
      {
        "Time": "12:49:19",
        "Data": "#PC#497-AA-93748479"
      },
      {
        "Time": "12:49:16",
        "Data": "#PC#497-AA-93676367"
      },
      {
        "Time": "12:49:15",
        "Data": "#PC#497-AA-93774916"
      },
      {
        "Time": "12:49:14",
        "Data": "#PC#497-AA-93747153"
      },
      {
        "Time": "12:49:13",
        "Data": "#PC#497-AA-93652813"
      },
      {
        "Time": "12:49:12",
        "Data": "#PC#497-AA-93497250"
      },
      {
        "Time": "12:49:09",
        "Data": "#PC#497-AA-93267750"
      },
      {
        "Time": "12:49:03",
        "Data": "#PC#497-0184773-000004913"
      },
      {
        "Time": "12:49:01",
        "Data": "#PC#497-0184773-000004906"
      },
      {
        "Time": "12:48:59",
        "Data": "#PC#497-0184773-000004916"
      },
      {
        "Time": "12:48:56",
        "Data": "#PC#497-0184773-000004907"
      },
      {
        "Time": "12:48:55",
        "Data": "#PC#497-0184773-000004882"
      },
      {
        "Time": "12:48:54",
        "Data": "#PC#497-0184773-000004880"
      },
      {
        "Time": "12:48:53",
        "Data": "497-A059180-00031361"
      },
      {
        "Time": "12:48:51",
        "Data": "#PC#497-6648790-000000817"
      },
      {
        "Time": "12:48:49",
        "Data": "497-004675719"
      },
      {
        "Time": "12:48:23",
        "Data": "#PC#497-AA-93726119"
      },
      {
        "Time": "12:48:22",
        "Data": "#PC#497-AA-93744106"
      },
      {
        "Time": "12:48:22",
        "Data": "#PC#497-AA-93755348"
      },
      {
        "Time": "12:48:20",
        "Data": "#PC#497-AA-93656069"
      },
      {
        "Time": "12:48:19",
        "Data": "#PC#497-AA-93683422"
      },
      {
        "Time": "12:48:17",
        "Data": "497-A059210-00022764"
      },
      {
        "Time": "12:48:16",
        "Data": "#PC#497-AA-93668553"
      },
      {
        "Time": "12:48:15",
        "Data": "#PC#497-AA-93545079"
      },
      {
        "Time": "12:48:13",
        "Data": "#PC#497-AA-93598060"
      },
      {
        "Time": "12:48:12",
        "Data": "#PC#497-AA-93460758"
      },
      {
        "Time": "12:48:12",
        "Data": "#PC#497-AA-93615013"
      },
      {
        "Time": "12:48:10",
        "Data": "#PC#497-AA-93707856"
      },
      {
        "Time": "12:48:09",
        "Data": "#PC#497-AA-93836799"
      },
      {
        "Time": "12:48:08",
        "Data": "497-0159636-00003151"
      },
      {
        "Time": "12:47:57",
        "Data": "#PC#497-AA-93762249"
      },
      {
        "Time": "12:47:53",
        "Data": "#PC#497-AA-93762729"
      },
      {
        "Time": "12:47:51",
        "Data": "#PC#497-AA-93768673"
      },
      {
        "Time": "12:47:49",
        "Data": "497-004864169-17"
      },
      {
        "Time": "12:47:48",
        "Data": "497-A059210-00019590"
      },
      {
        "Time": "12:47:46",
        "Data": "#PC#497-AA-93741563"
      },
      {
        "Time": "12:47:40",
        "Data": "#PC#497-AA-93225179"
      },
      {
        "Time": "12:47:38",
        "Data": "#PC#497-AA-93734848"
      },
      {
        "Time": "12:47:37",
        "Data": "#PC#497-AA-93766431"
      },
      {
        "Time": "12:47:36",
        "Data": "#PC#497-AA-93748534"
      },
      {
        "Time": "12:47:35",
        "Data": "#PC#497-AA-93753332"
      },
      {
        "Time": "12:47:33",
        "Data": "#PC#497-AA-93844670"
      },
      {
        "Time": "12:47:30",
        "Data": "#PC#497-AA-93733679"
      },
      {
        "Time": "12:47:29",
        "Data": "#PC#497-AA-93726502"
      },
      {
        "Time": "12:47:28",
        "Data": "#PC#497-AA-93729013"
      },
      {
        "Time": "12:47:27",
        "Data": "#PC#000100000000621791"
      },
      {
        "Time": "12:47:23",
        "Data": "#PC#497-AA-93764708"
      },
      {
        "Time": "12:47:22",
        "Data": "#PC#497-AA-93493864"
      },
      {
        "Time": "12:47:21",
        "Data": "497-004924041"
      },
      {
        "Time": "12:47:15",
        "Data": "#PC#497-AA-93475799"
      },
      {
        "Time": "12:47:06",
        "Data": "#PC#497-AA-93753195"
      },
      {
        "Time": "12:47:05",
        "Data": "497-0017131-00000071"
      },
      {
        "Time": "12:47:03",
        "Data": "#PC#497-AA-93747693"
      },
      {
        "Time": "12:47:02",
        "Data": "#PC#497-AA-93760339"
      },
      {
        "Time": "12:47:01",
        "Data": "497-004334573-4"
      },
      {
        "Time": "12:46:59",
        "Data": "#PC#497-AA-93502365"
      },
      {
        "Time": "12:46:55",
        "Data": "497-004794808"
      },
      {
        "Time": "12:46:54",
        "Data": "497-004880981-116"
      },
      {
        "Time": "12:46:52",
        "Data": "#PC#497-A027453-000001107"
      },
      {
        "Time": "12:46:51",
        "Data": "497-1600007-0271783"
      },
      {
        "Time": "12:46:50",
        "Data": "497-A059210-00022819"
      },
      {
        "Time": "12:46:47",
        "Data": "#PC#497-AA-93744977"
      },
      {
        "Time": "12:46:45",
        "Data": "#PC#497-AA-93752815"
      },
      {
        "Time": "12:46:43",
        "Data": "497-004947881"
      },
      {
        "Time": "16:36:02",
        "Data": "#PC#497-AA-93507747"
      },
      {
        "Time": "16:35:40",
        "Data": "#PC#497-A054602-000013343"
      },
      {
        "Time": "16:35:40",
        "Data": "#PC#497-A054602-000013347"
      },
      {
        "Time": "16:35:40",
        "Data": "#PC#497-A054602-000013341"
      },
      {
        "Time": "16:35:40",
        "Data": "#PC#497-A054602-000013340"
      },
      {
        "Time": "16:35:40",
        "Data": "#PC#497-A054602-000013346"
      },
      {
        "Time": "16:35:40",
        "Data": "#PC#497-A054602-000013357"
      },
      {
        "Time": "16:35:40",
        "Data": "#PC#497-A054602-000013356"
      },
      {
        "Time": "12:46:42",
        "Data": "497-004978228"
      },
      {
        "Time": "12:46:39",
        "Data": "#PC#497-AA-93752087"
      },
      {
        "Time": "12:46:38",
        "Data": "497-A059210-00022178"
      },
      {
        "Time": "12:46:37",
        "Data": "#PC#497-AA-93676326"
      },
      {
        "Time": "12:46:36",
        "Data": "497-004823848-15"
      },
      {
        "Time": "12:46:34",
        "Data": "497-A059210-00022059"
      },
      {
        "Time": "12:46:33",
        "Data": "#PC#497-AA-93431711"
      },
      {
        "Time": "12:46:31",
        "Data": "#PC#497-AA-93748881"
      },
      {
        "Time": "12:46:30",
        "Data": "#PC#497-AA-93618213"
      },
      {
        "Time": "12:46:29",
        "Data": "#PC#497-AA-93799387"
      },
      {
        "Time": "12:46:29",
        "Data": "#PC#497-AA-93766430"
      },
      {
        "Time": "12:46:28",
        "Data": "#PC#497-AA-93729056"
      },
      {
        "Time": "12:46:26",
        "Data": "#PC#497-AA-93748783"
      },
      {
        "Time": "12:46:25",
        "Data": "#PC#497-AA-93494786"
      },
      {
        "Time": "12:46:23",
        "Data": "#PC#497-AA-93306014"
      },
      {
        "Time": "16:33:24",
        "Data": "#PC#497-AA-93313833"
      },
      {
        "Time": "16:33:24",
        "Data": "#PC#497-AA-93313858"
      },
      {
        "Time": "16:33:24",
        "Data": "#PC#497-AA-93313900"
      },
      {
        "Time": "16:33:24",
        "Data": "#PC#497-AA-93313942"
      },
      {
        "Time": "16:33:24",
        "Data": "#PC#497-AA-93425916"
      },
      {
        "Time": "16:33:24",
        "Data": "#PC#497-AA-93458793"
      },
      {
        "Time": "16:33:24",
        "Data": "#PC#497-AA-93458855"
      },
      {
        "Time": "16:33:24",
        "Data": "#PC#497-AA-93459110"
      },
      {
        "Time": "16:33:24",
        "Data": "#PC#497-AA-93462436"
      }
    ],
    "Consolidations": [],
    "GMTNumber": "",
    "SealNumber": ""
  },
  {
    "Name": "Москва местами",
    "EnterInvoices": [],
    "HistoryInvoces": [
      {
        "Time": "19:25:13",
        "Data": "497-005045175"
      },
      {
        "Time": "19:11:22",
        "Data": "#PC#497-AA-93909409"
      },
      {
        "Time": "18:30:35",
        "Data": "#PC#497-AA-93903212"
      },
      {
        "Time": "18:30:30",
        "Data": "#PC#497-AA-93903211"
      },
      {
        "Time": "18:30:21",
        "Data": "#PC#497-AA-93903210"
      },
      {
        "Time": "18:30:10",
        "Data": "#PC#497-AA-93903209"
      },
      {
        "Time": "18:30:05",
        "Data": "#PC#497-AA-93903214"
      },
      {
        "Time": "18:29:59",
        "Data": "#PC#497-AA-93903213"
      },
      {
        "Time": "18:29:52",
        "Data": "#PC#497-AA-93903208"
      },
      {
        "Time": "18:29:18",
        "Data": "#PC#497-AA-93879366"
      },
      {
        "Time": "18:29:10",
        "Data": "#PC#497-0149601-000000517"
      },
      {
        "Time": "18:28:38",
        "Data": "#PC#497-A054602-000018051"
      },
      {
        "Time": "18:28:35",
        "Data": "#PC#497-AA-93904023"
      },
      {
        "Time": "18:52:34",
        "Data": "#PC#497-A032085-000000136"
      },
      {
        "Time": "18:52:40",
        "Data": "#PC#497-A032085-000000136"
      },
      {
        "Time": "18:52:43",
        "Data": "#PC#497-A032085-000000136"
      },
      {
        "Time": "18:52:29",
        "Data": "#PC#497-A032085-000000136"
      }
    ],
    "Consolidations": [],
    "GMTNumber": "",
    "SealNumber": ""
  },
  {
    "Name": "Складочная",
    "EnterInvoices": [],
    "HistoryInvoces": [
      {
        "Time": "19:00:48",
        "Data": "#PC#497-A024943-000102422"
      },
      {
        "Time": "19:00:47",
        "Data": "#PC#497-9756300-000000016"
      },
      {
        "Time": "18:46:28",
        "Data": "03224535"
      },
      {
        "Time": "18:32:51",
        "Data": "#PC#497-AA-93903547"
      },
      {
        "Time": "18:32:49",
        "Data": "#PC#497-A041901-000013477"
      },
      {
        "Time": "18:32:48",
        "Data": "#PC#497-0083435-000008229"
      },
      {
        "Time": "18:32:46",
        "Data": "#PC#497-A004952-000138093"
      },
      {
        "Time": "18:32:45",
        "Data": "#PC#497-A004952-000138095"
      },
      {
        "Time": "18:32:43",
        "Data": "#PC#497-A004952-000138354"
      },
      {
        "Time": "18:32:40",
        "Data": "#PC#497-A025389-000000199"
      },
      {
        "Time": "18:32:38",
        "Data": "#PC#497-AA-93906203"
      },
      {
        "Time": "18:32:38",
        "Data": "#PC#497-AA-93907605"
      },
      {
        "Time": "18:32:37",
        "Data": "#PC#497-AA-93904311"
      },
      {
        "Time": "18:32:35",
        "Data": "#PC#497-6639281-000000053"
      },
      {
        "Time": "18:32:33",
        "Data": "#PC#497-AA-93877356"
      },
      {
        "Time": "18:32:32",
        "Data": "#PC#497-AA-93906610"
      },
      {
        "Time": "18:32:30",
        "Data": "#PC#497-A004952-000138285"
      }
    ],
    "Consolidations": [],
    "GMTNumber": "#F#495-000000000006981175",
    "SealNumber": "03224535"
  },
  {
    "Name": "Дубровка",
    "EnterInvoices": [],
    "HistoryInvoces": [
      {
        "Time": "19:01:57",
        "Data": "#PC#497-AA-93909091"
      },
      {
        "Time": "19:01:53",
        "Data": "#PC#497-A021762-000002077"
      },
      {
        "Time": "19:01:52",
        "Data": "#PC#497-AA-93909063"
      },
      {
        "Time": "19:01:51",
        "Data": "#PC#497-AA-93909058"
      },
      {
        "Time": "19:00:23",
        "Data": "#PC#497-6800001-000012534"
      },
      {
        "Time": "19:00:22",
        "Data": "#PC#497-0153459-000003076"
      },
      {
        "Time": "19:00:21",
        "Data": "#PC#497-A042826-000002428"
      },
      {
        "Time": "19:00:19",
        "Data": "#PC#497-AA-93908804"
      },
      {
        "Time": "19:00:14",
        "Data": "#PC#497-AA-93908847"
      },
      {
        "Time": "18:48:07",
        "Data": "03224537"
      },
      {
        "Time": "18:38:02",
        "Data": "#PC#497-AA-93908667"
      },
      {
        "Time": "18:31:49",
        "Data": "#PC#497-A056235-000003943"
      },
      {
        "Time": "18:31:47",
        "Data": "#PC#497-0004987-000011229"
      },
      {
        "Time": "18:31:46",
        "Data": "#PC#497-AA-93879393"
      },
      {
        "Time": "18:31:44",
        "Data": "#PC#497-AA-93879391"
      },
      {
        "Time": "18:31:43",
        "Data": "#PC#497-AA-93879384"
      },
      {
        "Time": "18:31:41",
        "Data": "#PC#497-AA-93879406"
      },
      {
        "Time": "18:31:37",
        "Data": "#PC#497-AA-93879407"
      },
      {
        "Time": "18:31:34",
        "Data": "#PC#497-AA-93879495"
      },
      {
        "Time": "18:31:31",
        "Data": "#PC#497-0004072-000000615"
      },
      {
        "Time": "18:31:29",
        "Data": "#PC#497-0000077-000000647"
      },
      {
        "Time": "18:31:26",
        "Data": "#PC#497-AA-93906607"
      },
      {
        "Time": "18:31:24",
        "Data": "#PC#497-6659637-000006353"
      },
      {
        "Time": "18:31:22",
        "Data": "#PC#497-6659637-000006352"
      },
      {
        "Time": "18:31:18",
        "Data": "#PC#497-AA-93903681"
      },
      {
        "Time": "18:31:16",
        "Data": "#PC#497-AA-93879409"
      },
      {
        "Time": "18:31:13",
        "Data": "#PC#497-AA-93907661"
      },
      {
        "Time": "18:31:11",
        "Data": "#PC#497-AA-93907725"
      },
      {
        "Time": "18:31:10",
        "Data": "#PC#497-AA-93907828"
      },
      {
        "Time": "18:31:07",
        "Data": "#PC#497-AA-93907708"
      },
      {
        "Time": "18:31:06",
        "Data": "#PC#497-AA-93907699"
      },
      {
        "Time": "18:31:05",
        "Data": "#PC#497-AA-93907779"
      }
    ],
    "Consolidations": [],
    "GMTNumber": "#F#495-000000000006981180",
    "SealNumber": "03224536"
  },
  {
    "Name": "Томилино",
    "EnterInvoices": [],
    "HistoryInvoces": [
      {
        "Time": "19:01:44",
        "Data": "#PC#497-A021762-000002076"
      },
      {
        "Time": "19:01:42",
        "Data": "#PC#497-A021762-000002078"
      },
      {
        "Time": "19:01:41",
        "Data": "#PC#497-A021762-000002079"
      },
      {
        "Time": "19:00:38",
        "Data": "#PC#497-6800001-000012533"
      },
      {
        "Time": "19:00:36",
        "Data": "#PC#497-AA-93908808"
      },
      {
        "Time": "19:00:35",
        "Data": "#PC#497-AA-93908805"
      },
      {
        "Time": "19:00:32",
        "Data": "#PC#497-6800001-000012535"
      },
      {
        "Time": "18:49:33",
        "Data": "03224536"
      },
      {
        "Time": "18:27:24",
        "Data": "497-A034333-00078110"
      },
      {
        "Time": "18:27:21",
        "Data": "#PC#497-AA-93905856"
      },
      {
        "Time": "18:27:20",
        "Data": "#PC#497-AA-93903493"
      },
      {
        "Time": "18:27:17",
        "Data": "#PC#497-A034529-000010411"
      },
      {
        "Time": "18:27:16",
        "Data": "#PC#497-AA-93903499"
      },
      {
        "Time": "18:27:13",
        "Data": "#PC#497-AA-93903496"
      },
      {
        "Time": "18:27:11",
        "Data": "#PC#497-AA-93904789"
      },
      {
        "Time": "18:27:09",
        "Data": "#PC#497-0212642-000020867"
      },
      {
        "Time": "18:27:08",
        "Data": "#PC#497-0212642-000020866"
      },
      {
        "Time": "18:27:07",
        "Data": "#PC#497-AA-93907358"
      },
      {
        "Time": "18:27:06",
        "Data": "#PC#497-AA-93907350"
      },
      {
        "Time": "18:27:04",
        "Data": "#PC#497-A054388-000028449"
      },
      {
        "Time": "18:27:03",
        "Data": "#PC#497-AA-93906575"
      },
      {
        "Time": "18:27:01",
        "Data": "#PC#497-AA-93908337"
      },
      {
        "Time": "18:26:58",
        "Data": "#PC#497-0009514-000006827"
      },
      {
        "Time": "18:26:57",
        "Data": "#PC#497-AA-93907550"
      },
      {
        "Time": "18:26:52",
        "Data": "#PC#497-0010670-000000199"
      },
      {
        "Time": "18:26:50",
        "Data": "#PC#497-A024943-000103062"
      }
    ],
    "Consolidations": [],
    "GMTNumber": "#F#495-000000000006981187",
    "SealNumber": "03224537"
  },
  {
    "Name": "Сверхсрочки",
    "EnterInvoices": [],
    "HistoryInvoces": [
      {
        "Time": "18:50:16",
        "Data": "03224538"
      },
      {
        "Time": "18:38:14",
        "Data": "#PC#497-AA-93904173"
      },
      {
        "Time": "18:38:13",
        "Data": "#PC#497-AA-93878285"
      },
      {
        "Time": "18:38:11",
        "Data": "#PC#497-AA-93903555"
      },
      {
        "Time": "18:38:10",
        "Data": "#PC#497-AA-93907343"
      }
    ],
    "Consolidations": [],
    "GMTNumber": "#F#495-000000000006981190",
    "SealNumber": "03224538"
  },
  {
    "Name": "БИО",
    "EnterInvoices": [
      {
        "Time": "19:08:04",
        "Data": "497-005001222"
      }
    ],
    "HistoryInvoces": [
      {
        "Time": "18:51:11",
        "Data": "03224539"
      },
      {
        "Time": "18:37:25",
        "Data": "#PC#497-A029547-000000033"
      },
      {
        "Time": "18:37:25",
        "Data": "#PC#497-A035727-000000711"
      },
      {
        "Time": "18:37:23",
        "Data": "#PC#497-A035727-000000707"
      },
      {
        "Time": "18:37:21",
        "Data": "#PC#497-A035727-000000709"
      },
      {
        "Time": "18:37:20",
        "Data": "#PC#497-A035727-000000710"
      },
      {
        "Time": "18:37:18",
        "Data": "#PC#497-A035727-000000708"
      },
      {
        "Time": "18:37:17",
        "Data": "#PC#497-A035727-000000706"
      }
    ],
    "Consolidations": [],
    "GMTNumber": "#F#495-000000000006981192",
    "SealNumber": "03224413"
  },
  {
    "Name": "Москва ЕЛИ местами",
    "EnterInvoices": [],
    "HistoryInvoces": [
      {
        "Time": "19:24:08",
        "Data": "497-005045175"
      },
      {
        "Time": "19:06:36",
        "Data": "#PC#497-AA-93907221"
      },
      {
        "Time": "18:37:09",
        "Data": "#PC#497-1126141-000000750"
      },
      {
        "Time": "18:37:06",
        "Data": "#PC#497-AA-93845695"
      },
      {
        "Time": "18:36:59",
        "Data": "#PC#497-0004828-000009596"
      },
      {
        "Time": "18:36:56",
        "Data": "#PC#497-A056235-000003941"
      },
      {
        "Time": "18:36:52",
        "Data": "#PC#497-A056235-000003942"
      }
    ],
    "Consolidations": [],
    "GMTNumber": "",
    "SealNumber": ""
  },
  {
    "Name": "Складочная ЕЛИ",
    "EnterInvoices": [],
    "HistoryInvoces": [],
    "Consolidations": [],
    "GMTNumber": null,
    "SealNumber": null
  },
  {
    "Name": "Дубровка ЕЛИ",
    "EnterInvoices": [],
    "HistoryInvoces": [
      {
        "Time": "19:03:51",
        "Data": "03224414"
      },
      {
        "Time": "18:35:24",
        "Data": "#PC#497-AA-93907690"
      },
      {
        "Time": "18:35:18",
        "Data": "#PC#497-AA-93845768"
      },
      {
        "Time": "18:35:12",
        "Data": "#PC#497-1131189-000000298"
      },
      {
        "Time": "18:35:07",
        "Data": "#PC#497-AA-93903305"
      },
      {
        "Time": "18:35:04",
        "Data": "#PC#497-0104108-000020963"
      },
      {
        "Time": "18:35:01",
        "Data": "#PC#497-AA-93845777"
      },
      {
        "Time": "18:34:57",
        "Data": "#PC#497-AA-93722571"
      },
      {
        "Time": "18:34:50",
        "Data": "#PC#497-A055673-000005966"
      },
      {
        "Time": "18:34:46",
        "Data": "#PC#497-6764276-000000421"
      },
      {
        "Time": "18:34:37",
        "Data": "#PC#497-AA-93846153"
      },
      {
        "Time": "18:34:30",
        "Data": "#PC#497-AA-93845719"
      }
    ],
    "Consolidations": [],
    "GMTNumber": "#F#495-000000000006981217",
    "SealNumber": "03224414"
  },
  {
    "Name": "Томилино ЕЛИ",
    "EnterInvoices": [],
    "HistoryInvoces": [
      {
        "Time": "18:36:15",
        "Data": "#PC#497-AA-93879912"
      },
      {
        "Time": "18:36:14",
        "Data": "#PC#497-AA-93905859"
      },
      {
        "Time": "18:36:08",
        "Data": "#PC#497-AA-93903551"
      },
      {
        "Time": "18:36:06",
        "Data": "#PC#497-AA-93808180"
      },
      {
        "Time": "18:36:05",
        "Data": "#PC#497-0104108-000021639"
      },
      {
        "Time": "18:35:58",
        "Data": "#PC#497-0104108-000020830"
      },
      {
        "Time": "18:35:56",
        "Data": "#PC#497-2356650-000014056"
      },
      {
        "Time": "18:35:55",
        "Data": "#PC#497-0104108-000021497"
      },
      {
        "Time": "18:35:49",
        "Data": "#PC#497-AA-93907552"
      },
      {
        "Time": "18:35:47",
        "Data": "#PC#497-AA-93907553"
      },
      {
        "Time": "18:35:42",
        "Data": "#PC#497-2356650-000014108"
      }
    ],
    "Consolidations": [],
    "GMTNumber": "#F#495-000000000006981221",
    "SealNumber": "03224415"
  },
  {
    "Name": "Хабаровск местами",
    "EnterInvoices": [],
    "HistoryInvoces": [
      {
        "Time": "19:24:02",
        "Data": "497-005045575"
      },
      {
        "Time": "18:40:38",
        "Data": "#PC#497-A038285-000000647"
      },
      {
        "Time": "18:40:28",
        "Data": "#PC#497-0149601-000000514"
      },
      {
        "Time": "18:40:23",
        "Data": "#PC#497-AA-93907387"
      },
      {
        "Time": "18:40:20",
        "Data": "#PC#497-A033190-000035075"
      },
      {
        "Time": "18:40:14",
        "Data": "#PC#497-AA-93907388"
      },
      {
        "Time": "18:39:58",
        "Data": "#PC#497-0184773-000004910"
      },
      {
        "Time": "18:39:54",
        "Data": "#PC#497-0184773-000004909"
      },
      {
        "Time": "18:39:50",
        "Data": "#PC#497-0184773-000004902"
      },
      {
        "Time": "18:39:46",
        "Data": "#PC#497-0184773-000004912"
      },
      {
        "Time": "18:39:41",
        "Data": "#PC#497-A029922-000000034"
      },
      {
        "Time": "18:39:36",
        "Data": "#PC#497-AA-93906107"
      },
      {
        "Time": "18:39:31",
        "Data": "#PC#497-0184773-000004904"
      },
      {
        "Time": "18:39:27",
        "Data": "#PC#497-0184773-000004915"
      },
      {
        "Time": "18:39:23",
        "Data": "#PC#497-0184773-000004908"
      },
      {
        "Time": "18:39:19",
        "Data": "#PC#497-0184773-000004903"
      },
      {
        "Time": "18:39:16",
        "Data": "#PC#497-0184773-000004917"
      }
    ],
    "Consolidations": [],
    "GMTNumber": "",
    "SealNumber": ""
  },
  {
    "Name": "Хабаровск мешок",
    "EnterInvoices": [],
    "HistoryInvoces": [
      {
        "Time": "19:12:05",
        "Data": "#PC#497-AA-93909098"
      },
      {
        "Time": "19:12:03",
        "Data": "#PC#497-AA-93908815"
      },
      {
        "Time": "19:12:02",
        "Data": "#PC#497-0153459-000003077"
      },
      {
        "Time": "18:54:02",
        "Data": "03224416"
      },
      {
        "Time": "18:42:47",
        "Data": "#PC#497-AA-93880026"
      },
      {
        "Time": "18:42:46",
        "Data": "#PC#497-AA-93880028"
      },
      {
        "Time": "18:42:41",
        "Data": "#PC#497-AA-93903827"
      },
      {
        "Time": "18:42:39",
        "Data": "#PC#497-AA-93904178"
      },
      {
        "Time": "18:42:38",
        "Data": "#PC#497-AA-93841581"
      },
      {
        "Time": "18:42:35",
        "Data": "#PC#497-6773544-000010297"
      },
      {
        "Time": "18:42:33",
        "Data": "#PC#497-A026994-000000010"
      },
      {
        "Time": "18:42:29",
        "Data": "#PC#497-2232756-000000045"
      },
      {
        "Time": "18:42:24",
        "Data": "#PC#497-2137287-000000942"
      },
      {
        "Time": "18:42:23",
        "Data": "#PC#497-A054388-000028444"
      },
      {
        "Time": "18:42:08",
        "Data": "#PC#497-A033190-000034656"
      },
      {
        "Time": "18:42:07",
        "Data": "#PC#497-AA-93841469"
      },
      {
        "Time": "18:42:04",
        "Data": "#PC#497-AA-93907583"
      },
      {
        "Time": "18:42:03",
        "Data": "#PC#497-AA-93907346"
      },
      {
        "Time": "18:42:00",
        "Data": "#PC#497-A028760-000006215"
      },
      {
        "Time": "18:41:57",
        "Data": "#PC#497-A024943-000103119"
      },
      {
        "Time": "18:41:56",
        "Data": "#PC#497-A022567-000000027"
      }
    ],
    "Consolidations": [],
    "GMTNumber": "#F#495-000000000006981201",
    "SealNumber": "03224416"
  },
  {
    "Name": "Южный местами",
    "EnterInvoices": [],
    "HistoryInvoces": [
      {
        "Time": "19:23:49",
        "Data": "497-005045363"
      },
      {
        "Time": "18:41:17",
        "Data": "#PC#497-0184773-000004919"
      },
      {
        "Time": "18:41:12",
        "Data": "#PC#497-9958003-000000015"
      },
      {
        "Time": "18:41:04",
        "Data": "#PC#497-7642465-000000014"
      },
      {
        "Time": "18:41:01",
        "Data": "#PC#497-AA-93908411"
      },
      {
        "Time": "18:40:59",
        "Data": "#PC#497-0149601-000000516"
      }
    ],
    "Consolidations": [],
    "GMTNumber": "",
    "SealNumber": ""
  },
  {
    "Name": "Южный мешок",
    "EnterInvoices": [],
    "HistoryInvoces": [
      {
        "Time": "18:55:55",
        "Data": "03224417"
      },
      {
        "Time": "18:43:34",
        "Data": "#PC#497-A041845-000000317"
      },
      {
        "Time": "18:43:28",
        "Data": "#PC#497-0149601-000000518"
      },
      {
        "Time": "18:43:24",
        "Data": "#PC#497-2232832-000000179"
      },
      {
        "Time": "18:43:20",
        "Data": "#PC#497-0149601-000000515"
      },
      {
        "Time": "18:43:17",
        "Data": "#PC#497-0184773-000004914"
      },
      {
        "Time": "18:43:10",
        "Data": "#PC#497-AA-93906625"
      },
      {
        "Time": "18:43:02",
        "Data": "#PC#497-AA-93905048"
      }
    ],
    "Consolidations": [],
    "GMTNumber": "#F#495-000000000006981205",
    "SealNumber": "03224417"
  },
  {
    "Name": "Камчатка местами",
    "EnterInvoices": [],
    "HistoryInvoces": [
      {
        "Time": "19:23:55",
        "Data": "497-005045257"
      },
      {
        "Time": "18:41:45",
        "Data": "#PC#497-AA-93880031"
      },
      {
        "Time": "18:41:33",
        "Data": "#PC#497-0149601-000000513"
      }
    ],
    "Consolidations": [],
    "GMTNumber": "",
    "SealNumber": ""
  },
  {
    "Name": "Камчатка мешок",
    "EnterInvoices": [],
    "HistoryInvoces": [
      {
        "Time": "18:56:47",
        "Data": "03224418"
      },
      {
        "Time": "18:44:06",
        "Data": "#PC#497-AA-93880027"
      },
      {
        "Time": "18:44:03",
        "Data": "#PC#497-AA-93843926"
      },
      {
        "Time": "18:44:01",
        "Data": "#PC#497-2232832-000000180"
      },
      {
        "Time": "18:43:47",
        "Data": "#PC#497-AA-93906113"
      }
    ],
    "Consolidations": [],
    "GMTNumber": "#F#495-000000000006981206",
    "SealNumber": "03224418"
  },
  {
    "Name": "Артем места",
    "EnterInvoices": [],
    "HistoryInvoces": [
      {
        "Time": "19:23:43",
        "Data": "497-005045313"
      },
      {
        "Time": "19:21:50",
        "Data": "#PC#497-AA-93761072"
      },
      {
        "Time": "19:21:42",
        "Data": "#PC#497-AA-93815922"
      },
      {
        "Time": "19:21:40",
        "Data": "#PC#497-AA-93763533"
      },
      {
        "Time": "19:21:38",
        "Data": "#PC#497-AA-93764595"
      },
      {
        "Time": "19:21:36",
        "Data": "#PC#497-AA-93752988"
      },
      {
        "Time": "19:21:35",
        "Data": "#PC#497-AA-93796492"
      }
    ],
    "Consolidations": [],
    "GMTNumber": "",
    "SealNumber": ""
  },
  {
    "Name": "Артем мешок",
    "EnterInvoices": [],
    "HistoryInvoces": [
      {
        "Time": "19:31:33",
        "Data": "#PC#497-AA-93839132"
      },
      {
        "Time": "19:31:23",
        "Data": "#PC#497-AA-93811056"
      },
      {
        "Time": "19:31:19",
        "Data": "#PC#497-AA-93906615"
      },
      {
        "Time": "19:31:13",
        "Data": "#PC#497-0179670-000020066"
      },
      {
        "Time": "19:31:08",
        "Data": "#PC#497-A033190-000034666"
      },
      {
        "Time": "19:31:07",
        "Data": "#PC#497-0179670-000020344"
      },
      {
        "Time": "19:31:05",
        "Data": "497-005043984"
      },
      {
        "Time": "19:31:04",
        "Data": "#PC#497-0141089-000005313"
      },
      {
        "Time": "19:30:58",
        "Data": "#PC#497-0184773-000004911"
      },
      {
        "Time": "19:30:55",
        "Data": "#PC#497-0184773-000004905"
      },
      {
        "Time": "19:30:48",
        "Data": "#PC#497-0184773-000004918"
      },
      {
        "Time": "19:21:22",
        "Data": "497-005003853"
      },
      {
        "Time": "19:21:21",
        "Data": "#PC#497-AA-93701654"
      },
      {
        "Time": "19:21:20",
        "Data": "497-A059210-00024113"
      },
      {
        "Time": "19:21:13",
        "Data": "#PC#000100000001113848"
      },
      {
        "Time": "19:21:03",
        "Data": "#PC#497-AA-93807219"
      },
      {
        "Time": "19:21:02",
        "Data": "#PC#497-AA-93770144"
      },
      {
        "Time": "19:20:55",
        "Data": "#PC#000100000000611835"
      },
      {
        "Time": "19:20:45",
        "Data": "#PC#497-AA-93795788"
      }
    ],
    "Consolidations": [],
    "GMTNumber": null,
    "SealNumber": null
  },
  {
    "Name": "Флагман",
    "EnterInvoices": [],
    "HistoryInvoces": [],
    "Consolidations": [],
    "GMTNumber": null,
    "SealNumber": null
  },
  {
    "Name": "Флагман мешок",
    "EnterInvoices": [],
    "HistoryInvoces": [],
    "Consolidations": [],
    "GMTNumber": null,
    "SealNumber": null
  },
  {
    "Name": "Арсеньев",
    "EnterInvoices": [],
    "HistoryInvoces": [
      {
        "Time": "19:40:16",
        "Data": "#PC#497-AA-93793116"
      },
      {
        "Time": "19:40:14",
        "Data": "#PC#497-AA-93803162"
      },
      {
        "Time": "19:40:13",
        "Data": "497-AA-94001528"
      }
    ],
    "Consolidations": [],
    "GMTNumber": null,
    "SealNumber": null
  },
  {
    "Name": "Спасск",
    "EnterInvoices": [],
    "HistoryInvoces": [
      {
        "Time": "19:40:23",
        "Data": "497-0141523-00003059"
      },
      {
        "Time": "19:40:21",
        "Data": "#PC#497-AA-93793023"
      }
    ],
    "Consolidations": [],
    "GMTNumber": null,
    "SealNumber": null
  },
  {
    "Name": "Лесозаводск",
    "EnterInvoices": [],
    "HistoryInvoces": [
      {
        "Time": "19:40:33",
        "Data": "#PC#497-AA-93768862"
      },
      {
        "Time": "19:40:30",
        "Data": "#PC#497-AA-93815067"
      },
      {
        "Time": "19:40:29",
        "Data": "#PC#497-AA-93799938"
      }
    ],
    "Consolidations": [],
    "GMTNumber": null,
    "SealNumber": null
  },
  {
    "Name": "Дальнереченск",
    "EnterInvoices": [],
    "HistoryInvoces": [
      {
        "Time": "19:52:24",
        "Data": "#PC#497-AA-93800604"
      },
      {
        "Time": "19:52:23",
        "Data": "#PC#497-AA-93766793"
      },
      {
        "Time": "19:52:23",
        "Data": "#PC#497-0083435-000008180"
      },
      {
        "Time": "19:52:22",
        "Data": "#PC#497-AA-93793384"
      },
      {
        "Time": "19:52:07",
        "Data": "#PC#497-AA-93800604"
      },
      {
        "Time": "19:40:48",
        "Data": "#PC#497-AA-93793385"
      },
      {
        "Time": "19:40:47",
        "Data": "#PC#497-AA-93809029"
      },
      {
        "Time": "19:40:47",
        "Data": "#PC#497-0083435-000008173"
      },
      {
        "Time": "19:40:42",
        "Data": "#PC#497-0083435-000008180"
      },
      {
        "Time": "19:40:40",
        "Data": "#PC#497-AA-93766793"
      },
      {
        "Time": "19:40:39",
        "Data": "#PC#497-AA-93800604"
      }
    ],
    "Consolidations": [],
    "GMTNumber": null,
    "SealNumber": null
  },
  {
    "Name": "Дальнегорск",
    "EnterInvoices": [],
    "HistoryInvoces": [
      {
        "Time": "19:51:02",
        "Data": "#PC#497-0083435-000008173"
      },
      {
        "Time": "19:51:02",
        "Data": "#PC#497-AA-93809029"
      },
      {
        "Time": "19:51:02",
        "Data": "#PC#497-AA-93793385"
      }
    ],
    "Consolidations": [],
    "GMTNumber": null,
    "SealNumber": null
  },
  {
    "Name": "Москва АМО-ПРЕСС паллет",
    "EnterInvoices": [],
    "HistoryInvoces": [],
    "Consolidations": [],
    "GMTNumber": null,
    "SealNumber": null
  },
  {
    "Name": "Москва АМО-ПРЕСС мешок",
    "EnterInvoices": [],
    "HistoryInvoces": [],
    "Consolidations": [],
    "GMTNumber": null,
    "SealNumber": null
  },
  {
    "Name": "Южный ДВ ТЭК паллет",
    "EnterInvoices": [],
    "HistoryInvoces": [],
    "Consolidations": [],
    "GMTNumber": null,
    "SealNumber": null
  },
  {
    "Name": "Южный ДВ ТЭК мешок",
    "EnterInvoices": [],
    "HistoryInvoces": [],
    "Consolidations": [],
    "GMTNumber": null,
    "SealNumber": null
  },
  {
    "Name": "Камчатка ДВ ТЭК паллет",
    "EnterInvoices": [],
    "HistoryInvoces": [],
    "Consolidations": [],
    "GMTNumber": null,
    "SealNumber": null
  },
  {
    "Name": "Камчатка ДВ ТЭК мешок",
    "EnterInvoices": [],
    "HistoryInvoces": [],
    "Consolidations": [],
    "GMTNumber": null,
    "SealNumber": null
  },
  {
    "Name": "Магадан ДВ ТЭК паллет",
    "EnterInvoices": [],
    "HistoryInvoces": [],
    "Consolidations": [],
    "GMTNumber": null,
    "SealNumber": null
  },
  {
    "Name": "Магадан ДВ ТЭК мешок",
    "EnterInvoices": [],
    "HistoryInvoces": [],
    "Consolidations": [],
    "GMTNumber": null,
    "SealNumber": null
  },
  {
    "Name": "Дополнительно 1",
    "EnterInvoices": [],
    "HistoryInvoces": [],
    "Consolidations": [],
    "GMTNumber": null,
    "SealNumber": null
  },
  {
    "Name": "Дополнительно 2",
    "EnterInvoices": [],
    "HistoryInvoces": [],
    "Consolidations": [],
    "GMTNumber": null,
    "SealNumber": null
  },
  {
    "Name": "Дополнительно 3",
    "EnterInvoices": [],
    "HistoryInvoces": [],
    "Consolidations": [],
    "GMTNumber": null,
    "SealNumber": null
  },
  {
    "Name": "Дополнительно 4",
    "EnterInvoices": [],
    "HistoryInvoces": [],
    "Consolidations": [],
    "GMTNumber": null,
    "SealNumber": null
  },
  {
    "Name": "Дополнительно 5",
    "EnterInvoices": [],
    "HistoryInvoces": [],
    "Consolidations": [],
    "GMTNumber": null,
    "SealNumber": null
  }
]